{
	"AlgoMap255BrLevel": {
		"sectionone": [0.006667,1.993],
		"sectiontwo": [0.05034,-194.6],
		"sectionthree": [0.01762336354,29.31520645],
		"sectionkeypoint": [4501,6848]
	},
	"LcmMapAlgoBrLevel": [
		[1,1],
		[2,76],
		[3,226],
		[4,376],
		[5,526],
		[6,676],
		[7,826],
		[8,976],
		[9,1125],
		[10,1275],
		[11,1425],
		[12,1575],
		[13,1725],
		[14,1875],
		[15,2025],
		[16,2175],
		[17,2325],
		[18,2475],
		[19,2625],
		[20,2775],
		[21,2925],
		[22,3075],
		[23,3225],
		[24,3375],
		[25,3525],
		[26,3675],
		[27,3825],
		[28,3975],
		[29,4125],
		[30,4275],
		[31,4425],
		[32,4511],
		[33,4531],
		[34,4551],
		[35,4570],
		[36,4590],
		[37,4610],
		[38,4630],
		[39,4650],
		[40,4670],
		[41,4690],
		[42,4710],
		[43,4729],
		[44,4749],
		[45,4769],
		[46,4789],
		[47,4809],
		[48,4829],
		[49,4849],
		[50,4868],
		[51,4888],
		[52,4908],
		[53,4928],
		[54,4948],
		[55,4968],
		[56,4988],
		[57,5008],
		[58,5027],
		[59,5047],
		[60,5067],
		[61,5087],
		[62,5107],
		[63,5127],
		[64,5147],
		[65,5166],
		[66,5186],
		[67,5206],
		[68,5226],
		[69,5246],
		[70,5266],
		[71,5286],
		[72,5305],
		[73,5325],
		[74,5345],
		[75,5365],
		[76,5385],
		[77,5405],
		[78,5425],
		[79,5445],
		[80,5464],
		[81,5484],
		[82,5504],
		[83,5524],
		[84,5544],
		[85,5564],
		[86,5584],
		[87,5603],
		[88,5623],
		[89,5643],
		[90,5663],
		[91,5683],
		[92,5703],
		[93,5723],
		[94,5743],
		[95,5762],
		[96,5782],
		[97,5802],
		[98,5822],
		[99,5842],
		[100,5862],
		[101,5882],
		[102,5901],
		[103,5921],
		[104,5941],
		[105,5961],
		[106,5981],
		[107,6001],
		[108,6021],
		[109,6040],
		[110,6060],
		[111,6080],
		[112,6100],
		[113,6120],
		[114,6140],
		[115,6160],
		[116,6180],
		[117,6199],
		[118,6219],
		[119,6239],
		[120,6259],
		[121,6279],
		[122,6299],
		[123,6319],
		[124,6338],
		[125,6358],
		[126,6378],
		[127,6398],
		[128,6418],
		[129,6438],
		[130,6458],
		[131,6478],
		[132,6497],
		[133,6517],
		[134,6537],
		[135,6557],
		[136,6577],
		[137,6597],
		[138,6617],
		[139,6636],
		[140,6656],
		[141,6676],
		[142,6696],
		[143,6716],
		[144,6736],
		[145,6756],
		[146,6775],
		[147,6795],
		[148,6815],
		[149,6835],
		[150,6875],
		[151,6933],
		[152,6990],
		[153,7046],
		[154,7103],
		[155,7160],
		[156,7217],
		[157,7273],
		[158,7330],
		[159,7387],
		[160,7444],
		[161,7500],
		[162,7557],
		[163,7614],
		[164,7671],
		[165,7727],
		[166,7784],
		[167,7841],
		[168,7898],
		[169,7954],
		[170,8011],
		[171,8068],
		[172,8125],
		[173,8181],
		[174,8238],
		[175,8295],
		[176,8352],
		[177,8408],
		[178,8465],
		[179,8522],
		[180,8579],
		[181,8635],
		[182,8692],
		[183,8749],
		[184,8806],
		[185,8862],
		[186,8919],
		[187,8976],
		[188,9032],
		[189,9089],
		[190,9146],
		[191,9203],
		[192,9259],
		[193,9316],
		[194,9373],
		[195,9430],
		[196,9486],
		[197,9543],
		[198,9600],
		[199,9657],
		[200,9713],
		[201,9770],
		[202,9827],
		[203,9884],
		[204,9940],
		[205,9997],
		[206,10054],
		[207,10111],
		[208,10167],
		[209,10224],
		[210,10281],
		[211,10338],
		[212,10394],
		[213,10451],
		[214,10508],
		[215,10565],
		[216,10621],
		[217,10678],
		[218,10735],
		[219,10792],
		[220,10848],
		[221,10905],
		[222,10962],
		[223,11018],
		[224,11075],
		[225,11132],
		[226,11189],
		[227,11245],
		[228,11302],
		[229,11359],
		[230,11416],
		[231,11472],
		[232,11529],
		[233,11586],
		[234,11643],
		[235,11699],
		[236,11756],
		[237,11813],
		[238,11870],
		[239,11926],
		[240,11983],
		[241,12040],
		[242,12097],
		[243,12153],
		[244,12210],
		[245,12267],
		[246,12324],
		[247,12380],
		[248,12437],
		[249,12494],
		[250,12551],
		[251,12607],
		[252,12664],
		[253,12721],
		[254,12777],
		[255,12806]
	]
}
