{
	"ramperbrightness": {
		"sectiondown": [
			[-2.024081115,10566.61217],
			[-3.407222914,15139.27895],
			[-5.372933884,20059.45351],
			[-8.082568807,24218.74312],
			[-9.934782609,26052.43478],
			[-11.7008547,27557.12821],
			[-15.24886878,30164.91855],
			[-19.87096774,32540.67742],
			[-21.68421053,33360.26316],
			[-26.78813559,35473.28814],
			[-38.53333333,38949.86667],
			[-53.35185185,42002.48148],
			[-70.82758621,44658.7931],
			[-87.96,46766.08],
			[-118.4482759,49753.93103],
			[-168.0454545,53176.13636],
			[-258.6470588,57434.41176],
			[-479.0769231,64047.30769],
			[-600.2,66106.4]
		],
		"section_downpoint": [3306,2503,1535,990,852,735,514,452,414,296,206,152,123,98,69,47,30,17,12],
		"section_down_min_step": [30,18,12,8,7,6,4,2,2,2,2,2,2,2,2,2,2,2,2],
		"sectiondowngapminone": 20,
		"sectiondowngapmintwo": 80,
		"sectiondownkeybr": 735,
		"downlcmFlickValue": 2,
		"uptotaltime": 2800,
		"uplimmitcount": 25,
		"section_uppoint": [853,2615],
		"quickupstep": [60,173,161],
		"quickupgap": [20,0,0],
		"quickdownstep": [8,25,26,139],
		"quickdowngap": [40,40,30,20],
		"quick_sectionpoint": [1984,1110,512,12],
		"pemtotaltime": 10000
	}
}
